Bitstring,Cost
"(0, 1, 0, 1, 1, 0, 0, 0, 0)",-108.0
"(0, 1, 1, 1, 0, 0, 0, 1, 0)",-106.0
"(1, 1, 0, 1, 0, 0, 1, 0, 0)",-94.0
"(0, 1, 1, 0, 1, 0, 0, 0, 0)",-93.0
"(1, 1, 1, 0, 0, 0, 1, 0, 0)",-79.0
"(0, 0, 0, 1, 1, 1, 0, 0, 0)",-79.0
"(0, 0, 1, 1, 0, 1, 0, 1, 0)",-77.0
"(0, 1, 0, 1, 0, 0, 1, 0, 1)",-75.0
"(1, 0, 0, 1, 0, 1, 1, 0, 0)",-65.0
"(0, 0, 1, 0, 1, 1, 0, 0, 0)",-64.0
"(0, 1, 0, 0, 1, 0, 0, 1, 0)",-62.0
"(0, 1, 1, 0, 0, 0, 1, 0, 1)",-60.0
"(1, 0, 1, 0, 0, 1, 1, 0, 0)",-50.0
"(1, 1, 0, 0, 0, 0, 0, 0, 1)",-48.0
"(1, 1, 0, 0, 0, 0, 1, 1, 0)",-48.0
"(0, 0, 0, 1, 0, 1, 1, 0, 1)",-46.0
"(0, 0, 0, 0, 1, 1, 0, 1, 0)",-33.0
"(0, 0, 1, 0, 0, 1, 1, 0, 1)",-31.0
"(0, 1, 0, 0, 0, 0, 1, 1, 1)",-29.0
"(1, 0, 0, 0, 0, 1, 1, 1, 0)",-19.0
"(1, 0, 0, 0, 0, 1, 0, 0, 1)",-19.0
"(0, 0, 0, 0, 0, 1, 1, 1, 1)",0.0
"(0, 1, 0, 1, 1, 1, 0, 0, 0)",51.0
"(0, 1, 1, 1, 0, 1, 1, 0, 0)",53.0
"(0, 1, 1, 1, 0, 1, 0, 1, 0)",53.0
"(1, 0, 1, 1, 0, 0, 0, 0, 0)",63.0
"(1, 1, 0, 1, 0, 1, 1, 0, 0)",65.0
"(1, 1, 0, 1, 0, 1, 0, 0, 0)",65.0
"(0, 1, 1, 0, 1, 1, 0, 0, 0)",66.0
"(1, 1, 1, 0, 0, 1, 0, 0, 0)",80.0
"(1, 1, 1, 0, 0, 1, 1, 0, 0)",80.0
"(0, 0, 0, 1, 1, 0, 0, 0, 0)",80.0
"(0, 0, 0, 1, 1, 0, 1, 0, 0)",80.0
"(0, 0, 1, 1, 0, 0, 0, 1, 0)",82.0
"(0, 0, 1, 1, 0, 0, 0, 0, 1)",82.0
"(0, 0, 1, 1, 0, 0, 1, 1, 0)",82.0
"(0, 1, 0, 1, 0, 1, 0, 0, 1)",84.0
"(0, 1, 0, 1, 0, 1, 1, 0, 1)",84.0
"(0, 1, 0, 1, 0, 1, 1, 1, 0)",84.0
"(1, 0, 0, 1, 0, 0, 1, 0, 0)",94.0
"(1, 0, 0, 1, 0, 0, 0, 1, 0)",94.0
"(0, 0, 1, 0, 1, 0, 0, 0, 0)",95.0
"(0, 0, 1, 0, 1, 0, 1, 0, 0)",95.0
"(0, 1, 0, 0, 1, 1, 0, 1, 0)",97.0
"(0, 1, 0, 0, 1, 1, 1, 0, 0)",97.0
"(0, 1, 1, 0, 0, 1, 0, 0, 1)",99.0
"(0, 1, 1, 0, 0, 1, 1, 1, 0)",99.0
"(0, 1, 1, 0, 0, 1, 1, 0, 1)",99.0
"(1, 0, 0, 0, 1, 0, 0, 0, 0)",107.0
"(1, 0, 1, 0, 0, 0, 1, 0, 0)",109.0
"(1, 0, 1, 0, 0, 0, 0, 1, 0)",109.0
"(1, 1, 0, 0, 0, 1, 0, 0, 1)",111.0
"(1, 1, 0, 0, 0, 1, 0, 1, 0)",111.0
"(1, 1, 0, 0, 0, 1, 1, 1, 0)",111.0
"(0, 0, 0, 1, 0, 0, 0, 1, 1)",113.0
"(0, 0, 0, 1, 0, 0, 1, 0, 1)",113.0
"(0, 0, 0, 0, 1, 0, 0, 0, 1)",126.0
"(0, 0, 0, 0, 1, 0, 0, 1, 0)",126.0
"(0, 0, 0, 0, 1, 0, 1, 1, 0)",126.0
"(0, 0, 1, 0, 0, 0, 0, 1, 1)",128.0
"(0, 0, 1, 0, 0, 0, 1, 0, 1)",128.0
"(0, 1, 0, 0, 0, 1, 1, 1, 1)",130.0
"(0, 1, 0, 0, 0, 1, 0, 1, 1)",130.0
"(1, 0, 0, 0, 0, 0, 1, 0, 1)",140.0
"(1, 0, 0, 0, 0, 0, 0, 0, 1)",140.0
"(1, 0, 0, 0, 0, 0, 1, 1, 0)",140.0
"(0, 0, 0, 0, 0, 0, 1, 1, 1)",159.0
"(1, 1, 1, 1, 0, 0, 0, 0, 0)",511.0
"(0, 1, 0, 1, 1, 0, 1, 0, 0)",528.0
"(0, 1, 1, 1, 0, 0, 1, 1, 0)",530.0
"(0, 1, 1, 1, 0, 0, 1, 0, 0)",530.0
"(0, 1, 1, 1, 0, 0, 0, 0, 1)",530.0
"(1, 0, 1, 1, 0, 1, 0, 0, 0)",540.0
"(1, 1, 0, 1, 0, 0, 0, 1, 0)",542.0
"(1, 1, 0, 1, 0, 0, 0, 0, 0)",542.0
"(0, 1, 1, 0, 1, 0, 1, 0, 0)",543.0
"(1, 1, 0, 0, 1, 0, 0, 0, 0)",555.0
"(1, 1, 1, 0, 0, 0, 0, 1, 0)",557.0
"(1, 1, 1, 0, 0, 0, 0, 0, 0)",557.0
"(0, 0, 0, 1, 1, 1, 1, 0, 0)",557.0
"(0, 0, 1, 1, 0, 1, 1, 0, 0)",559.0
"(0, 0, 1, 1, 0, 1, 0, 0, 1)",559.0
"(0, 0, 1, 1, 0, 1, 1, 1, 0)",559.0
"(0, 1, 0, 1, 0, 0, 0, 0, 1)",561.0
"(0, 1, 0, 1, 0, 0, 1, 1, 0)",561.0
"(0, 1, 0, 1, 0, 0, 0, 1, 1)",561.0
"(1, 0, 0, 1, 0, 1, 0, 1, 0)",571.0
"(1, 0, 0, 1, 0, 1, 0, 0, 0)",571.0
"(0, 0, 1, 0, 1, 1, 1, 0, 0)",572.0
"(0, 1, 0, 0, 1, 0, 0, 0, 1)",574.0
"(0, 1, 0, 0, 1, 0, 1, 1, 0)",574.0
"(0, 1, 0, 0, 1, 0, 1, 0, 0)",574.0
"(0, 1, 1, 0, 0, 0, 0, 0, 1)",576.0
"(0, 1, 1, 0, 0, 0, 0, 1, 1)",576.0
"(0, 1, 1, 0, 0, 0, 1, 1, 0)",576.0
"(1, 0, 0, 0, 1, 1, 0, 0, 0)",584.0
"(1, 0, 1, 0, 0, 1, 0, 1, 0)",586.0
"(1, 0, 1, 0, 0, 1, 0, 0, 0)",586.0
"(1, 1, 0, 0, 0, 0, 1, 0, 1)",588.0
"(1, 1, 0, 0, 0, 0, 0, 1, 0)",588.0
"(0, 0, 0, 1, 0, 1, 0, 0, 1)",590.0
"(0, 0, 0, 1, 0, 1, 1, 1, 0)",590.0
"(0, 0, 0, 1, 0, 1, 0, 1, 1)",590.0
"(0, 0, 0, 0, 1, 1, 0, 0, 1)",603.0
"(0, 0, 0, 0, 1, 1, 1, 1, 0)",603.0
"(0, 0, 0, 0, 1, 1, 1, 0, 0)",603.0
"(0, 0, 1, 0, 0, 1, 0, 0, 1)",605.0
"(0, 0, 1, 0, 0, 1, 0, 1, 1)",605.0
"(0, 0, 1, 0, 0, 1, 1, 1, 0)",605.0
"(0, 1, 0, 0, 0, 0, 0, 1, 1)",607.0
"(1, 0, 0, 0, 0, 1, 1, 0, 1)",617.0
"(1, 0, 0, 0, 0, 1, 0, 1, 0)",617.0
"(0, 0, 0, 0, 0, 1, 0, 1, 1)",636.0
"(1, 1, 1, 1, 0, 1, 0, 0, 0)",1306.0
"(0, 0, 1, 1, 1, 0, 0, 0, 0)",1321.0
"(0, 1, 0, 1, 1, 1, 1, 0, 0)",1323.0
"(0, 1, 1, 1, 0, 1, 1, 1, 0)",1325.0
"(0, 1, 1, 1, 0, 1, 0, 0, 1)",1325.0
"(0, 1, 1, 1, 0, 1, 0, 0, 0)",1325.0
"(1, 0, 1, 1, 0, 0, 1, 0, 0)",1335.0
"(1, 1, 0, 1, 0, 1, 0, 1, 0)",1337.0
"(0, 1, 1, 0, 1, 1, 1, 0, 0)",1338.0
"(1, 1, 0, 0, 1, 1, 0, 0, 0)",1350.0
"(1, 1, 1, 0, 0, 1, 0, 1, 0)",1352.0
"(0, 0, 0, 1, 1, 0, 0, 1, 0)",1352.0
"(0, 0, 1, 1, 0, 0, 1, 0, 1)",1354.0
"(0, 0, 1, 1, 0, 0, 1, 0, 0)",1354.0
"(0, 1, 0, 1, 0, 1, 0, 1, 0)",1356.0
"(0, 1, 0, 1, 0, 1, 0, 1, 1)",1356.0
"(1, 0, 0, 1, 0, 0, 0, 0, 0)",1366.0
"(1, 0, 0, 1, 0, 0, 0, 0, 1)",1366.0
"(1, 0, 0, 1, 0, 0, 1, 1, 0)",1366.0
"(0, 0, 1, 0, 1, 0, 0, 1, 0)",1367.0
"(0, 1, 0, 0, 1, 1, 0, 0, 1)",1369.0
"(0, 1, 0, 0, 1, 1, 0, 0, 0)",1369.0
"(0, 1, 0, 0, 1, 1, 1, 1, 0)",1369.0
"(0, 1, 1, 0, 0, 1, 0, 1, 0)",1371.0
"(0, 1, 1, 0, 0, 1, 0, 1, 1)",1371.0
"(1, 0, 0, 0, 1, 0, 1, 0, 0)",1379.0
"(1, 0, 1, 0, 0, 0, 0, 0, 0)",1381.0
"(1, 0, 1, 0, 0, 0, 0, 0, 1)",1381.0
"(1, 0, 1, 0, 0, 0, 1, 1, 0)",1381.0
"(1, 1, 0, 0, 0, 1, 1, 0, 1)",1383.0
"(1, 1, 0, 0, 0, 1, 1, 0, 0)",1383.0
"(0, 0, 0, 1, 0, 0, 1, 1, 1)",1385.0
"(0, 0, 0, 1, 0, 0, 0, 0, 1)",1385.0
"(0, 0, 0, 1, 0, 0, 1, 1, 0)",1385.0
"(0, 0, 0, 0, 1, 0, 1, 0, 1)",1398.0
"(0, 0, 0, 0, 1, 0, 1, 0, 0)",1398.0
"(0, 0, 1, 0, 0, 0, 1, 1, 0)",1400.0
"(0, 0, 1, 0, 0, 0, 0, 0, 1)",1400.0
"(0, 0, 1, 0, 0, 0, 1, 1, 1)",1400.0
"(0, 1, 0, 0, 0, 1, 1, 0, 1)",1402.0
"(1, 0, 0, 0, 0, 0, 0, 1, 1)",1412.0
"(1, 0, 0, 0, 0, 0, 0, 1, 0)",1412.0
"(0, 0, 0, 0, 0, 0, 0, 1, 1)",1431.0
"(0, 1, 1, 1, 1, 0, 0, 0, 0)",2405.0
"(1, 1, 1, 1, 0, 0, 1, 0, 0)",2419.0
"(0, 0, 1, 1, 1, 1, 0, 0, 0)",2434.0
"(0, 1, 0, 1, 1, 0, 0, 1, 0)",2436.0
"(0, 1, 1, 1, 0, 0, 1, 0, 1)",2438.0
"(0, 1, 1, 1, 0, 0, 0, 0, 0)",2438.0
"(1, 0, 1, 1, 0, 1, 1, 0, 0)",2448.0
"(1, 1, 0, 1, 0, 0, 0, 0, 1)",2450.0
"(1, 1, 0, 1, 0, 0, 1, 1, 0)",2450.0
"(0, 1, 1, 0, 1, 0, 0, 1, 0)",2451.0
"(1, 1, 0, 0, 1, 0, 1, 0, 0)",2463.0
"(0, 0, 0, 1, 1, 1, 0, 1, 0)",2465.0
"(1, 1, 1, 0, 0, 0, 1, 1, 0)",2465.0
"(1, 1, 1, 0, 0, 0, 0, 0, 1)",2465.0
"(0, 0, 1, 1, 0, 1, 1, 0, 1)",2467.0
"(0, 0, 1, 1, 0, 1, 0, 0, 0)",2467.0
"(0, 1, 0, 1, 0, 0, 0, 1, 0)",2469.0
"(0, 1, 0, 1, 0, 0, 1, 1, 1)",2469.0
"(1, 0, 0, 1, 0, 1, 0, 0, 1)",2479.0
"(1, 0, 0, 1, 0, 1, 1, 1, 0)",2479.0
"(0, 0, 1, 0, 1, 1, 0, 1, 0)",2480.0
"(0, 1, 0, 0, 1, 0, 1, 0, 1)",2482.0
"(0, 1, 0, 0, 1, 0, 0, 0, 0)",2482.0
"(0, 1, 1, 0, 0, 0, 1, 1, 1)",2484.0
"(0, 1, 1, 0, 0, 0, 0, 1, 0)",2484.0
"(1, 0, 0, 0, 1, 1, 1, 0, 0)",2492.0
"(1, 0, 1, 0, 0, 1, 1, 1, 0)",2494.0
"(1, 0, 1, 0, 0, 1, 0, 0, 1)",2494.0
"(1, 1, 0, 0, 0, 0, 0, 1, 1)",2496.0
"(1, 1, 0, 0, 0, 0, 1, 0, 0)",2496.0
"(0, 0, 0, 1, 0, 1, 1, 1, 1)",2498.0
"(0, 0, 0, 1, 0, 1, 0, 1, 0)",2498.0
"(0, 0, 0, 0, 1, 1, 0, 0, 0)",2511.0
"(0, 0, 0, 0, 1, 1, 1, 0, 1)",2511.0
"(0, 0, 1, 0, 0, 1, 0, 1, 0)",2513.0
"(0, 0, 1, 0, 0, 1, 1, 1, 1)",2513.0
"(0, 1, 0, 0, 0, 0, 1, 0, 1)",2515.0
"(1, 0, 0, 0, 0, 1, 1, 0, 0)",2525.0
"(1, 0, 0, 0, 0, 1, 0, 1, 1)",2525.0
"(0, 0, 0, 0, 0, 1, 1, 0, 1)",2544.0
"(0, 1, 1, 1, 1, 1, 0, 0, 0)",3836.0
"(1, 1, 1, 1, 0, 1, 1, 0, 0)",3850.0
"(0, 0, 1, 1, 1, 0, 1, 0, 0)",3865.0
"(0, 1, 0, 1, 1, 1, 0, 1, 0)",3867.0
"(0, 1, 1, 1, 0, 1, 1, 0, 1)",3869.0
"(1, 0, 0, 1, 1, 0, 0, 0, 0)",3877.0
"(1, 0, 1, 1, 0, 0, 0, 1, 0)",3879.0
"(1, 1, 0, 1, 0, 1, 1, 1, 0)",3881.0
"(1, 1, 0, 1, 0, 1, 0, 0, 1)",3881.0
"(0, 1, 1, 0, 1, 1, 0, 1, 0)",3882.0
"(1, 0, 1, 0, 1, 0, 0, 0, 0)",3892.0
"(1, 1, 0, 0, 1, 1, 1, 0, 0)",3894.0
"(0, 0, 0, 1, 1, 0, 1, 1, 0)",3896.0
"(0, 0, 0, 1, 1, 0, 0, 0, 1)",3896.0
"(1, 1, 1, 0, 0, 1, 0, 0, 1)",3896.0
"(1, 1, 1, 0, 0, 1, 1, 1, 0)",3896.0
"(0, 0, 1, 1, 0, 0, 0, 1, 1)",3898.0
"(0, 0, 1, 1, 0, 0, 0, 0, 0)",3898.0
"(0, 1, 0, 1, 0, 1, 1, 1, 1)",3900.0
"(0, 1, 0, 1, 0, 1, 1, 0, 0)",3900.0
"(1, 0, 0, 1, 0, 0, 1, 0, 1)",3910.0
"(0, 0, 1, 0, 1, 0, 1, 1, 0)",3911.0
"(0, 0, 1, 0, 1, 0, 0, 0, 1)",3911.0
"(0, 1, 0, 0, 1, 1, 1, 0, 1)",3913.0
"(0, 1, 1, 0, 0, 1, 1, 1, 1)",3915.0
"(0, 1, 1, 0, 0, 1, 1, 0, 0)",3915.0
"(1, 0, 0, 0, 1, 0, 0, 1, 0)",3923.0
"(1, 0, 1, 0, 0, 0, 1, 0, 1)",3925.0
"(1, 1, 0, 0, 0, 1, 0, 0, 0)",3927.0
"(1, 1, 0, 0, 0, 1, 0, 1, 1)",3927.0
"(0, 0, 0, 1, 0, 0, 0, 1, 0)",3929.0
"(0, 0, 0, 0, 1, 0, 0, 0, 0)",3942.0
"(0, 0, 0, 0, 1, 0, 0, 1, 1)",3942.0
"(0, 0, 1, 0, 0, 0, 0, 1, 0)",3944.0
"(0, 1, 0, 0, 0, 1, 0, 0, 1)",3946.0
"(0, 1, 0, 0, 0, 1, 1, 1, 0)",3946.0
"(1, 0, 0, 0, 0, 0, 1, 1, 1)",3956.0
"(1, 0, 0, 0, 0, 0, 1, 0, 0)",3956.0
"(0, 0, 0, 0, 0, 0, 1, 0, 1)",3975.0
"(0, 1, 1, 1, 1, 0, 1, 0, 0)",5585.0
"(1, 1, 0, 1, 1, 0, 0, 0, 0)",5597.0
"(1, 1, 1, 1, 0, 0, 0, 1, 0)",5599.0
"(1, 1, 1, 0, 1, 0, 0, 0, 0)",5612.0
"(0, 0, 1, 1, 1, 1, 1, 0, 0)",5614.0
"(0, 1, 0, 1, 1, 0, 0, 0, 1)",5616.0
"(0, 1, 0, 1, 1, 0, 1, 1, 0)",5616.0
"(0, 1, 1, 1, 0, 0, 0, 1, 1)",5618.0
"(1, 0, 0, 1, 1, 1, 0, 0, 0)",5626.0
"(1, 0, 1, 1, 0, 1, 0, 1, 0)",5628.0
"(1, 1, 0, 1, 0, 0, 1, 0, 1)",5630.0
"(0, 1, 1, 0, 1, 0, 1, 1, 0)",5631.0
"(0, 1, 1, 0, 1, 0, 0, 0, 1)",5631.0
"(1, 0, 1, 0, 1, 1, 0, 0, 0)",5641.0
"(1, 1, 0, 0, 1, 0, 0, 1, 0)",5643.0
"(0, 0, 0, 1, 1, 1, 1, 1, 0)",5645.0
"(0, 0, 0, 1, 1, 1, 0, 0, 1)",5645.0
"(1, 1, 1, 0, 0, 0, 1, 0, 1)",5645.0
"(0, 0, 1, 1, 0, 1, 0, 1, 1)",5647.0
"(0, 1, 0, 1, 0, 0, 1, 0, 0)",5649.0
"(1, 0, 0, 1, 0, 1, 1, 0, 1)",5659.0
"(0, 0, 1, 0, 1, 1, 1, 1, 0)",5660.0
"(0, 0, 1, 0, 1, 1, 0, 0, 1)",5660.0
"(0, 1, 0, 0, 1, 0, 0, 1, 1)",5662.0
"(0, 1, 1, 0, 0, 0, 1, 0, 0)",5664.0
"(1, 0, 0, 0, 1, 1, 0, 1, 0)",5672.0
"(1, 0, 1, 0, 0, 1, 1, 0, 1)",5674.0
"(1, 1, 0, 0, 0, 0, 1, 1, 1)",5676.0
"(1, 1, 0, 0, 0, 0, 0, 0, 0)",5676.0
"(0, 0, 0, 1, 0, 1, 1, 0, 0)",5678.0
"(0, 0, 0, 0, 1, 1, 0, 1, 1)",5691.0
"(0, 0, 1, 0, 0, 1, 1, 0, 0)",5693.0
"(0, 1, 0, 0, 0, 0, 0, 0, 1)",5695.0
"(0, 1, 0, 0, 0, 0, 1, 1, 0)",5695.0
"(1, 0, 0, 0, 0, 1, 0, 0, 0)",5705.0
"(1, 0, 0, 0, 0, 1, 1, 1, 1)",5705.0
"(0, 0, 0, 0, 0, 1, 0, 0, 1)",5724.0
"(0, 0, 0, 0, 0, 1, 1, 1, 0)",5724.0
"(0, 1, 1, 1, 1, 1, 1, 0, 0)",7652.0
"(1, 1, 0, 1, 1, 1, 0, 0, 0)",7664.0
"(1, 1, 1, 1, 0, 1, 0, 1, 0)",7666.0
"(1, 1, 1, 0, 1, 1, 0, 0, 0)",7679.0
"(0, 0, 1, 1, 1, 0, 0, 1, 0)",7681.0
"(0, 1, 0, 1, 1, 1, 0, 0, 1)",7683.0
"(0, 1, 0, 1, 1, 1, 1, 1, 0)",7683.0
"(0, 1, 1, 1, 0, 1, 0, 1, 1)",7685.0
"(1, 0, 0, 1, 1, 0, 1, 0, 0)",7693.0
"(1, 0, 1, 1, 0, 0, 1, 1, 0)",7695.0
"(1, 0, 1, 1, 0, 0, 0, 0, 1)",7695.0
"(1, 1, 0, 1, 0, 1, 1, 0, 1)",7697.0
"(0, 1, 1, 0, 1, 1, 1, 1, 0)",7698.0
"(0, 1, 1, 0, 1, 1, 0, 0, 1)",7698.0
"(1, 0, 1, 0, 1, 0, 1, 0, 0)",7708.0
"(1, 1, 0, 0, 1, 1, 0, 1, 0)",7710.0
"(0, 0, 0, 1, 1, 0, 1, 0, 1)",7712.0
"(1, 1, 1, 0, 0, 1, 1, 0, 1)",7712.0
"(0, 0, 1, 1, 0, 0, 1, 1, 1)",7714.0
"(0, 1, 0, 1, 0, 1, 0, 0, 0)",7716.0
"(1, 0, 0, 1, 0, 0, 0, 1, 1)",7726.0
"(0, 0, 1, 0, 1, 0, 1, 0, 1)",7727.0
"(0, 1, 0, 0, 1, 1, 0, 1, 1)",7729.0
"(0, 1, 1, 0, 0, 1, 0, 0, 0)",7731.0
"(1, 0, 0, 0, 1, 0, 1, 1, 0)",7739.0
"(1, 0, 0, 0, 1, 0, 0, 0, 1)",7739.0
"(1, 0, 1, 0, 0, 0, 0, 1, 1)",7741.0
"(1, 1, 0, 0, 0, 1, 1, 1, 1)",7743.0
"(0, 0, 0, 1, 0, 0, 1, 0, 0)",7745.0
"(0, 0, 0, 0, 1, 0, 1, 1, 1)",7758.0
"(0, 0, 1, 0, 0, 0, 1, 0, 0)",7760.0
"(0, 1, 0, 0, 0, 1, 0, 1, 0)",7762.0
"(1, 0, 0, 0, 0, 0, 0, 0, 0)",7772.0
"(0, 0, 0, 0, 0, 0, 1, 1, 0)",7791.0
"(0, 0, 0, 0, 0, 0, 0, 0, 1)",7791.0
"(0, 1, 1, 1, 1, 0, 0, 1, 0)",10037.0
"(1, 1, 0, 1, 1, 0, 1, 0, 0)",10049.0
"(1, 1, 1, 1, 0, 0, 1, 1, 0)",10051.0
"(1, 1, 1, 1, 0, 0, 0, 0, 1)",10051.0
"(1, 1, 1, 0, 1, 0, 1, 0, 0)",10064.0
"(0, 0, 1, 1, 1, 1, 0, 1, 0)",10066.0
"(0, 1, 0, 1, 1, 0, 1, 0, 1)",10068.0
"(0, 1, 1, 1, 0, 0, 1, 1, 1)",10070.0
"(1, 0, 0, 1, 1, 1, 1, 0, 0)",10078.0
"(1, 0, 1, 1, 0, 1, 1, 1, 0)",10080.0
"(1, 0, 1, 1, 0, 1, 0, 0, 1)",10080.0
"(1, 1, 0, 1, 0, 0, 0, 1, 1)",10082.0
"(0, 1, 1, 0, 1, 0, 1, 0, 1)",10083.0
"(1, 0, 1, 0, 1, 1, 1, 0, 0)",10093.0
"(1, 1, 0, 0, 1, 0, 0, 0, 1)",10095.0
"(1, 1, 0, 0, 1, 0, 1, 1, 0)",10095.0
"(0, 0, 0, 1, 1, 1, 1, 0, 1)",10097.0
"(1, 1, 1, 0, 0, 0, 0, 1, 1)",10097.0
"(0, 0, 1, 1, 0, 1, 1, 1, 1)",10099.0
"(0, 1, 0, 1, 0, 0, 0, 0, 0)",10101.0
"(1, 0, 0, 1, 0, 1, 0, 1, 1)",10111.0
"(0, 0, 1, 0, 1, 1, 1, 0, 1)",10112.0
"(0, 1, 0, 0, 1, 0, 1, 1, 1)",10114.0
"(0, 1, 1, 0, 0, 0, 0, 0, 0)",10116.0
"(1, 0, 0, 0, 1, 1, 0, 0, 1)",10124.0
"(1, 0, 0, 0, 1, 1, 1, 1, 0)",10124.0
"(1, 0, 1, 0, 0, 1, 0, 1, 1)",10126.0
"(0, 0, 0, 1, 0, 1, 0, 0, 0)",10130.0
"(0, 0, 0, 0, 1, 1, 1, 1, 1)",10143.0
"(0, 0, 1, 0, 0, 1, 0, 0, 0)",10145.0
"(0, 1, 0, 0, 0, 0, 0, 1, 0)",10147.0
"(0, 0, 0, 0, 0, 1, 0, 1, 0)",10176.0
"(0, 1, 1, 1, 1, 1, 0, 1, 0)",12740.0
"(1, 0, 1, 1, 1, 0, 0, 0, 0)",12750.0
"(1, 1, 0, 1, 1, 1, 1, 0, 0)",12752.0
"(1, 1, 1, 1, 0, 1, 0, 0, 1)",12754.0
"(1, 1, 1, 1, 0, 1, 1, 1, 0)",12754.0
"(1, 1, 1, 0, 1, 1, 1, 0, 0)",12767.0
"(0, 0, 1, 1, 1, 0, 1, 1, 0)",12769.0
"(0, 0, 1, 1, 1, 0, 0, 0, 1)",12769.0
"(0, 1, 0, 1, 1, 1, 1, 0, 1)",12771.0
"(0, 1, 1, 1, 0, 1, 1, 1, 1)",12773.0
"(1, 0, 0, 1, 1, 0, 0, 1, 0)",12781.0
"(1, 0, 1, 1, 0, 0, 1, 0, 1)",12783.0
"(1, 1, 0, 1, 0, 1, 0, 1, 1)",12785.0
"(0, 1, 1, 0, 1, 1, 1, 0, 1)",12786.0
"(1, 0, 1, 0, 1, 0, 0, 1, 0)",12796.0
"(1, 1, 0, 0, 1, 1, 0, 0, 1)",12798.0
"(1, 1, 0, 0, 1, 1, 1, 1, 0)",12798.0
"(0, 0, 0, 1, 1, 0, 0, 1, 1)",12800.0
"(1, 1, 1, 0, 0, 1, 0, 1, 1)",12800.0
"(1, 0, 0, 1, 0, 0, 1, 1, 1)",12814.0
"(0, 0, 1, 0, 1, 0, 0, 1, 1)",12815.0
"(0, 1, 0, 0, 1, 1, 1, 1, 1)",12817.0
"(1, 0, 0, 0, 1, 0, 1, 0, 1)",12827.0
"(1, 0, 1, 0, 0, 0, 1, 1, 1)",12829.0
"(0, 0, 0, 1, 0, 0, 0, 0, 0)",12833.0
"(0, 0, 1, 0, 0, 0, 0, 0, 0)",12848.0
"(0, 1, 0, 0, 0, 1, 1, 0, 0)",12850.0
"(0, 0, 0, 0, 0, 0, 0, 1, 0)",12879.0
"(1, 1, 1, 1, 1, 0, 0, 0, 0)",15742.0
"(0, 1, 1, 1, 1, 0, 0, 0, 1)",15761.0
"(0, 1, 1, 1, 1, 0, 1, 1, 0)",15761.0
"(1, 0, 1, 1, 1, 1, 0, 0, 0)",15771.0
"(1, 1, 0, 1, 1, 0, 0, 1, 0)",15773.0
"(1, 1, 1, 1, 0, 0, 1, 0, 1)",15775.0
"(1, 1, 1, 0, 1, 0, 0, 1, 0)",15788.0
"(0, 0, 1, 1, 1, 1, 1, 1, 0)",15790.0
"(0, 0, 1, 1, 1, 1, 0, 0, 1)",15790.0
"(0, 1, 0, 1, 1, 0, 0, 1, 1)",15792.0
"(1, 0, 0, 1, 1, 1, 0, 1, 0)",15802.0
"(1, 0, 1, 1, 0, 1, 1, 0, 1)",15804.0
"(1, 1, 0, 1, 0, 0, 1, 1, 1)",15806.0
"(0, 1, 1, 0, 1, 0, 0, 1, 1)",15807.0
"(1, 0, 1, 0, 1, 1, 0, 1, 0)",15817.0
"(1, 1, 0, 0, 1, 0, 1, 0, 1)",15819.0
"(1, 1, 1, 0, 0, 0, 1, 1, 1)",15821.0
"(0, 0, 0, 1, 1, 1, 0, 1, 1)",15821.0
"(1, 0, 0, 1, 0, 1, 1, 1, 1)",15835.0
"(0, 0, 1, 0, 1, 1, 0, 1, 1)",15836.0
"(1, 0, 0, 0, 1, 1, 1, 0, 1)",15848.0
"(1, 0, 1, 0, 0, 1, 1, 1, 1)",15850.0
"(0, 1, 0, 0, 0, 0, 1, 0, 0)",15871.0
"(0, 0, 0, 0, 0, 1, 1, 0, 0)",15900.0
"(1, 1, 1, 1, 1, 1, 0, 0, 0)",19081.0
"(0, 1, 1, 1, 1, 1, 1, 1, 0)",19100.0
"(0, 1, 1, 1, 1, 1, 0, 0, 1)",19100.0
"(1, 0, 1, 1, 1, 0, 1, 0, 0)",19110.0
"(1, 1, 0, 1, 1, 1, 0, 1, 0)",19112.0
"(1, 1, 1, 1, 0, 1, 1, 0, 1)",19114.0
"(1, 1, 1, 0, 1, 1, 0, 1, 0)",19127.0
"(0, 0, 1, 1, 1, 0, 1, 0, 1)",19129.0
"(0, 1, 0, 1, 1, 1, 0, 1, 1)",19131.0
"(1, 0, 0, 1, 1, 0, 1, 1, 0)",19141.0
"(1, 0, 0, 1, 1, 0, 0, 0, 1)",19141.0
"(1, 0, 1, 1, 0, 0, 0, 1, 1)",19143.0
"(1, 1, 0, 1, 0, 1, 1, 1, 1)",19145.0
"(0, 1, 1, 0, 1, 1, 0, 1, 1)",19146.0
"(1, 0, 1, 0, 1, 0, 0, 0, 1)",19156.0
"(1, 0, 1, 0, 1, 0, 1, 1, 0)",19156.0
"(1, 1, 0, 0, 1, 1, 1, 0, 1)",19158.0
"(1, 1, 1, 0, 0, 1, 1, 1, 1)",19160.0
"(0, 0, 0, 1, 1, 0, 1, 1, 1)",19160.0
"(0, 0, 1, 0, 1, 0, 1, 1, 1)",19175.0
"(1, 0, 0, 0, 1, 0, 0, 1, 1)",19187.0
"(0, 1, 0, 0, 0, 1, 0, 0, 0)",19210.0
"(0, 0, 0, 0, 0, 0, 1, 0, 0)",19239.0
"(1, 1, 1, 1, 1, 0, 1, 0, 0)",22738.0
"(0, 1, 1, 1, 1, 0, 1, 0, 1)",22757.0
"(1, 0, 1, 1, 1, 1, 1, 0, 0)",22767.0
"(1, 1, 0, 1, 1, 0, 1, 1, 0)",22769.0
"(1, 1, 0, 1, 1, 0, 0, 0, 1)",22769.0
"(1, 1, 1, 1, 0, 0, 0, 1, 1)",22771.0
"(1, 1, 1, 0, 1, 0, 1, 1, 0)",22784.0
"(1, 1, 1, 0, 1, 0, 0, 0, 1)",22784.0
"(0, 0, 1, 1, 1, 1, 1, 0, 1)",22786.0
"(0, 1, 0, 1, 1, 0, 1, 1, 1)",22788.0
"(1, 0, 0, 1, 1, 1, 0, 0, 1)",22798.0
"(1, 0, 0, 1, 1, 1, 1, 1, 0)",22798.0
"(1, 0, 1, 1, 0, 1, 0, 1, 1)",22800.0
"(0, 1, 1, 0, 1, 0, 1, 1, 1)",22803.0
"(1, 0, 1, 0, 1, 1, 0, 0, 1)",22813.0
"(1, 0, 1, 0, 1, 1, 1, 1, 0)",22813.0
"(1, 1, 0, 0, 1, 0, 0, 1, 1)",22815.0
"(0, 0, 0, 1, 1, 1, 1, 1, 1)",22817.0
"(0, 0, 1, 0, 1, 1, 1, 1, 1)",22832.0
"(1, 0, 0, 0, 1, 1, 0, 1, 1)",22844.0
"(0, 1, 0, 0, 0, 0, 0, 0, 0)",22867.0
"(0, 0, 0, 0, 0, 1, 0, 0, 0)",22896.0
"(1, 1, 1, 1, 1, 1, 1, 0, 0)",26713.0
"(0, 1, 1, 1, 1, 1, 1, 0, 1)",26732.0
"(1, 0, 1, 1, 1, 0, 0, 1, 0)",26742.0
"(1, 1, 0, 1, 1, 1, 1, 1, 0)",26744.0
"(1, 1, 0, 1, 1, 1, 0, 0, 1)",26744.0
"(1, 1, 1, 1, 0, 1, 0, 1, 1)",26746.0
"(1, 1, 1, 0, 1, 1, 1, 1, 0)",26759.0
"(1, 1, 1, 0, 1, 1, 0, 0, 1)",26759.0
"(0, 0, 1, 1, 1, 0, 0, 1, 1)",26761.0
"(0, 1, 0, 1, 1, 1, 1, 1, 1)",26763.0
"(1, 0, 0, 1, 1, 0, 1, 0, 1)",26773.0
"(1, 0, 1, 1, 0, 0, 1, 1, 1)",26775.0
"(0, 1, 1, 0, 1, 1, 1, 1, 1)",26778.0
"(1, 0, 1, 0, 1, 0, 1, 0, 1)",26788.0
"(1, 1, 0, 0, 1, 1, 0, 1, 1)",26790.0
"(1, 0, 0, 0, 1, 0, 1, 1, 1)",26819.0
"(0, 0, 0, 0, 0, 0, 0, 0, 0)",26871.0
"(1, 1, 1, 1, 1, 0, 0, 1, 0)",31006.0
"(0, 1, 1, 1, 1, 0, 0, 1, 1)",31025.0
"(1, 0, 1, 1, 1, 1, 0, 1, 0)",31035.0
"(1, 1, 0, 1, 1, 0, 1, 0, 1)",31037.0
"(1, 1, 1, 1, 0, 0, 1, 1, 1)",31039.0
"(1, 1, 1, 0, 1, 0, 1, 0, 1)",31052.0
"(0, 0, 1, 1, 1, 1, 0, 1, 1)",31054.0
"(1, 0, 0, 1, 1, 1, 1, 0, 1)",31066.0
"(1, 0, 1, 1, 0, 1, 1, 1, 1)",31068.0
"(1, 0, 1, 0, 1, 1, 1, 0, 1)",31081.0
"(1, 1, 0, 0, 1, 0, 1, 1, 1)",31083.0
"(1, 0, 0, 0, 1, 1, 1, 1, 1)",31112.0
"(1, 1, 1, 1, 1, 1, 0, 1, 0)",35617.0
"(0, 1, 1, 1, 1, 1, 0, 1, 1)",35636.0
"(1, 0, 1, 1, 1, 0, 1, 1, 0)",35646.0
"(1, 0, 1, 1, 1, 0, 0, 0, 1)",35646.0
"(1, 1, 0, 1, 1, 1, 1, 0, 1)",35648.0
"(1, 1, 1, 1, 0, 1, 1, 1, 1)",35650.0
"(1, 1, 1, 0, 1, 1, 1, 0, 1)",35663.0
"(0, 0, 1, 1, 1, 0, 1, 1, 1)",35665.0
"(1, 0, 0, 1, 1, 0, 0, 1, 1)",35677.0
"(1, 0, 1, 0, 1, 0, 0, 1, 1)",35692.0
"(1, 1, 0, 0, 1, 1, 1, 1, 1)",35694.0
"(1, 1, 1, 1, 1, 0, 1, 1, 0)",40546.0
"(1, 1, 1, 1, 1, 0, 0, 0, 1)",40546.0
"(0, 1, 1, 1, 1, 0, 1, 1, 1)",40565.0
"(1, 0, 1, 1, 1, 1, 1, 1, 0)",40575.0
"(1, 0, 1, 1, 1, 1, 0, 0, 1)",40575.0
"(1, 1, 0, 1, 1, 0, 0, 1, 1)",40577.0
"(1, 1, 1, 0, 1, 0, 0, 1, 1)",40592.0
"(0, 0, 1, 1, 1, 1, 1, 1, 1)",40594.0
"(1, 0, 0, 1, 1, 1, 0, 1, 1)",40606.0
"(1, 0, 1, 0, 1, 1, 0, 1, 1)",40621.0
"(1, 1, 1, 1, 1, 1, 1, 1, 0)",45793.0
"(1, 1, 1, 1, 1, 1, 0, 0, 1)",45793.0
"(0, 1, 1, 1, 1, 1, 1, 1, 1)",45812.0
"(1, 0, 1, 1, 1, 0, 1, 0, 1)",45822.0
"(1, 1, 0, 1, 1, 1, 0, 1, 1)",45824.0
"(1, 1, 1, 0, 1, 1, 0, 1, 1)",45839.0
"(1, 0, 0, 1, 1, 0, 1, 1, 1)",45853.0
"(1, 0, 1, 0, 1, 0, 1, 1, 1)",45868.0
"(1, 1, 1, 1, 1, 0, 1, 0, 1)",51358.0
"(1, 0, 1, 1, 1, 1, 1, 0, 1)",51387.0
"(1, 1, 0, 1, 1, 0, 1, 1, 1)",51389.0
"(1, 1, 1, 0, 1, 0, 1, 1, 1)",51404.0
"(1, 0, 0, 1, 1, 1, 1, 1, 1)",51418.0
"(1, 0, 1, 0, 1, 1, 1, 1, 1)",51433.0
"(1, 1, 1, 1, 1, 1, 1, 0, 1)",57241.0
"(1, 0, 1, 1, 1, 0, 0, 1, 1)",57270.0
"(1, 1, 0, 1, 1, 1, 1, 1, 1)",57272.0
"(1, 1, 1, 0, 1, 1, 1, 1, 1)",57287.0
"(1, 1, 1, 1, 1, 0, 0, 1, 1)",63442.0
"(1, 0, 1, 1, 1, 1, 0, 1, 1)",63471.0
"(1, 1, 1, 1, 1, 1, 0, 1, 1)",69961.0
"(1, 0, 1, 1, 1, 0, 1, 1, 1)",69990.0
"(1, 1, 1, 1, 1, 0, 1, 1, 1)",76798.0
"(1, 0, 1, 1, 1, 1, 1, 1, 1)",76827.0
"(1, 1, 1, 1, 1, 1, 1, 1, 1)",83953.0
